{"num_params": 58310410, "train_loss_rot": 1.549719579959323, "train_loss_trans": 1.545510410462526, "train_acc_rot": 0.24106420576572418, "val_loss_trans": 1.6166372103469566, "val_acc_trans": 0.31010374426841736, "train_acc_trans": 0.24163533747196198, "learning_rate": 0.001, "_runtime": 30976.374373752, "epoch": 25, "train_loss": 3.095229990421849, "val_acc_rot": 0.25823184847831726, "_timestamp": 1750653006.832226, "_step": 26, "val_loss": 3.271732224985776, "val_loss_rot": 1.655095014638819}